{"1": [[0.0, 0.3458995711907881, 0.16132210145254672, 0.41806545775438997, 0.027910127427811952, 0.0, 0.4248807953723986, 0.055961481515591986, 0.2816060605967326, 0.3924741312359137, 0.0, 0.34930242996046595, -0.4872254679237481, 0.9666029894519622], [0.0, 0.39874769489357026, 0.026546782148120087, 0.019149834594713526, -0.036610172897742904, 0.0, 0.3250268955503677, 0.21518203025917512, 0.013340474839285252, 0.22068802828681638, 0.0, 0.2514393113222963, 1.1249391230241736, 0.3788226392442714], [0.0, -0.44424665719663187, 0.054703185558006094, -0.2917546349920684, 0.006587277083268005, 0.0, -0.45596414602698787, -0.14910474814707447, -0.19097766200694838, -0.295593308205528, 0.0, -0.3511475422817485, -0.11660280748974769, -0.6820373779371977], [0.0, -0.1116938562587312, -0.13265986132983723, -0.13006885640940746, -0.005926433490331132, 0.0, -0.17134491168303334, -0.02166091991646784, -0.0871535562721037, -0.17407147421228555, 0.0, -0.1285093911892732, 0.15736461931815787, -0.39143597709484473], [0.0, 0.31142611030154804, 0.09847794424842582, 0.30552985745013955, 0.013995284970454715, 0.0, 0.2836847097837186, 0.06825437285966844, 0.19230528030782681, 0.20590417755965693, 0.0, 0.27906261983678465, -0.4415064407271954, 0.522159023762096], [0.0, -0.5001328629305433, -0.20839015207726125, -0.32092165839776804, -0.005956083093460656, 0.0, -0.4062833429964622, -0.1686322165708928, -0.2091205974647934, -0.34940155466457345, 0.0, -0.40014742764852734, -0.2369690262016419, -0.7941112974262861]], "2": [[0.0, 0.050927707608802074, 0.793221987803596, 0.24680545145796434, 0.29835608832178395, 0.0, 0.16011113369499355, -0.2621512534763097, 0.1383123658069329, 0.34906891394424006, 0.0, 0.2455864311316242, -0.7322026593896331, 0.793221987803596], [0.0, 0.148536960808623, -0.12755501867360225, -0.07532099285260763, -0.07426685407043145, 0.0, -0.025746864008229273, 0.2149195414786696, -0.03177655787075229, -0.052378528502308196, 0.0, 0.019330306632880094, 0.7374959926071181, -0.12755501867360225], [0.0, 0.2690695186912329, 0.07444805941761269, -0.08660354855222852, -0.09117472533037392, 0.0, 0.015027272791255063, 0.33164673183044147, -0.0828144579721255, 0.047345420195583486, 0.0, 0.041241388681018426, 0.84232044800668, 0.07444805941761269], [0.0, -0.1282470884144734, -0.44169851767662127, -0.1123972650702747, -0.12683053177944548, 0.0, -0.08915644233769346, 0.019347932612519006, -0.0481672053471197, -0.19387614008736145, 0.0, -0.1454341537589212, 0.032721947903097, -0.44169851767662127], [0.0, 0.05856890869621321, 0.4894609805773686, 0.20783876624472772, 0.19318109114107793, 0.0, 0.09879725184712071, -0.19543224203527676, 0.10073384206629646, 0.20318005031480907, 0.0, 0.1647361823027806, -0.6366299750113221, 0.4894609805773686], [0.0, -0.3988560073903975, -0.7878774914483542, -0.18032241122758114, -0.19926506828261076, 0.0, -0.1590323519874465, -0.1083307104100434, -0.07628798668323179, -0.35333971586496254, 0.0, -0.32546015498938213, -0.24370575411594014, -0.7878774914483542]], "4": [[-0.24240040366620347, 0.2524755095787886, -0.05921663977332713, 0.24566114819972787, 0.009569077205471052, 0.0, 0.13417106449743998, 0.05025401296180639, 0.22429524288958924, -0.0892273674454125, 0.0, 0.17383054835975478, -0.023026249446007795, 0.10826020342154925], [-0.34190957780308984, 0.38724170616608294, -0.09655860883347477, 0.1782264967158536, 0.007131310938278011, 0.0, 0.24342544878721778, 0.1484985992652013, 0.2339353084801867, -0.06785202306778135, 0.0, 0.2610240738964537, 0.8885172118834402, 0.17008933497271214], [-0.17449154890225715, -0.4006696849336504, 0.2557198351271521, -0.2005859312185026, 0.008287601692572338, 0.0, -0.39357137694291944, -0.10126999785606201, -0.10599621294649578, -0.19728257598937718, 0.0, -0.3093074421271727, -0.0062081089879471, -0.44512864915542216], [-0.18451176258728888, -0.19140036631490648, -0.17881835471848426, -0.09050047776901217, -0.004309439715409078, 0.0, -0.15822793816891223, -0.04758278097598925, -0.039483461019868035, -0.2137406687877295, 0.0, -0.15623591912117235, -0.01343455023181816, -0.3974693525810655], [1.1866121770621094, 0.43163441216799586, 0.3007874551354867, 0.09155913716020862, -0.013722833402463094, 0.0, 0.4933243811434325, 0.08763099992148606, -0.18721180179108046, 0.8891780236269866, 0.0, 0.38431224421492455, -0.6124641260088766, 1.2316893589204974], [-0.24329888410326983, -0.4792815766643106, -0.2219136869373527, -0.22436037308827533, -0.0069557167184492305, 0.0, -0.31912157931625845, -0.1375308333164424, -0.12553907561233155, -0.321075388336686, 0.0, -0.3536235052227881, -0.23338417720879062, -0.6674408955782705]], "11": [[1.078810644426256, 0.42621446817490033, 0.34085744499107473, 0.18385829112330365, 0.002653446578417442, 0.0, 0.5771085665896867, 0.11659773710351554, -0.09022285568946156, 0.9023875340745189, 0.0, 0.42424857311196745, -0.5733657704391456, 1.3896662831283466], [-0.2989903227434499, 0.38785698591728546, -0.08761562944591436, 0.22486895361226894, 0.00041802013292805307, 0.0, 0.28025590665008904, 0.15030880339591238, 0.2590978416084887, -0.03671780556170131, 0.0, 0.2786955737878941, 0.8922591357535304, 0.22999819936177515], [-0.17429713029668048, -0.3447209180577178, 0.2644302899856621, -0.19790107102061774, 0.0075900506138686635, 0.0, -0.3948110836580718, -0.09879464539796169, -0.10308826182792082, -0.1989089496806584, 0.0, -0.2846661809187746, 0.0017563418299868688, -0.4459143374809532], [-0.18181788211750435, -0.1509878422460678, -0.17561093415261914, -0.08557559676211254, -0.004965848451913698, 0.0, -0.1562573865206336, -0.04956722362109746, -0.037180961047108246, -0.21297655235880913, 0.0, -0.13845267038619608, -0.014644273064315311, -0.39362206343083844], [-0.17511692541029567, 0.07885485200192496, -0.117700658624481, 0.10126423431842951, 0.0015028675375774686, 0.0, 0.01763618729884626, 0.013024251869278764, 0.09811492769241249, -0.12565674226294316, 0.0, 0.04305740935060739, -0.06799809727782231, -0.10003491383201886], [-0.24858838385832457, -0.39721754579032453, -0.2243605127537224, -0.2265148112712716, -0.007198536410877928, 0.0, -0.3239321903599165, -0.13156892334964745, -0.12672069073641057, -0.3281274842104072, 0.0, -0.3228827049454986, -0.2380073368022342, -0.6800931677463116]]}