{"1": [[0.0, 0.3403038890552617, 0.16445102567624428, 0.43641696696766125, 0.037895619605645504, 0.0, 0.4196164423968203, 0.05367804069640758, 0.3189203047467616, 0.3734087596673715, 0.0, 0.33924524201366746, -0.40441919293611867, 0.9382992079079404], [0.0, 0.4005452755150872, 0.02244785442939578, -0.00982359703793544, -0.048303677611777535, 0.0, 0.3275912903740767, 0.22030263630717578, -0.04281414584109245, 0.23927972165096184, 0.0, 0.25713496222024385, 1.0820590667669283, 0.3969658831770122], [0.0, -0.44481008111081927, 0.07395764438884445, -0.2955728520210627, 0.006893593129157833, 0.0, -0.46003873506742204, -0.14934010569639788, -0.19319184686164068, -0.2903502857036487, 0.0, -0.34557299461503993, -0.14581404684150054, -0.6705706998895554], [0.0, -0.10471687374045856, -0.14545747392218117, -0.13169660725556118, -0.007008723259176354, 0.0, -0.16095032963995973, -0.020239887155537765, -0.09204312445173782, -0.16720419418464158, 0.0, -0.12343830184559779, 0.1334247544546281, -0.38095389836261107], [0.0, 0.30663882130875214, 0.09112565519882333, 0.3212364190651803, 0.016689288030844643, 0.0, 0.2816680103429345, 0.06427677343653679, 0.21803353487752883, 0.19405102308313585, 0.0, 0.2706514405439571, -0.4015954296685416, 0.5082433757067263], [0.0, -0.4979610310278077, -0.20652470577112558, -0.3205603297182794, -0.006166099894694062, 0.0, -0.4078866784064524, -0.16867745758818364, -0.20890472246981742, -0.3491850245131758, 0.0, -0.398020348317232, -0.26365515177540155, -0.7919838685395045]], "2": [[0.0, 0.05103571863431445, 0.7634046771651811, 0.3083200831454916, 0.29006008195805427, 0.0, 0.1540925367782947, -0.19954832627846034, 0.18960299324170074, 0.2853660261450665, 0.0, 0.2923207480345685, -0.6724540292393464, 0.7634046771651811], [0.0, 0.16682596413038503, -0.10853379189763647, -0.15116773472629497, -0.06143364284877344, 0.0, -0.021907446757829636, 0.18544811807095493, -0.044837141428827325, -0.030231854401080845, 0.0, 0.014499186579531755, 0.6592603781334019, -0.10853379189763647], [0.0, 0.2519221294927838, 0.10172272160566734, -0.11032845779100886, -0.08335938705214334, 0.0, 0.020532638440749172, 0.28470133672821013, -0.13648626318500234, 0.11711120279175265, 0.0, -0.017585238209141072, 0.8727396199295311, 0.10172272160566734], [0.0, -0.1204472375253517, -0.4316925521509159, -0.12706418971597302, -0.12293529302497916, 0.0, -0.08713674733595789, -0.0017372260422649807, -0.05040682804469257, -0.18844646308046195, 0.0, -0.1594575740180161, 0.022744464789000617, -0.4316925521509159], [0.0, 0.050736317289102266, 0.4609004354258605, 0.2664187163120847, 0.17386301294476114, 0.0, 0.09303233189600206, -0.14588254541999962, 0.12391133655741338, 0.1679933771474779, 0.0, 0.20331015848232745, -0.6057748483977031, 0.4609004354258605], [0.0, -0.40007289202123353, -0.7858014901481563, -0.18617841722429912, -0.19619477197691934, 0.0, -0.15861331302125828, -0.12298135705843999, -0.08178409714059191, -0.35179228860275386, 0.0, -0.33308728086927053, -0.27651558521488323, -0.7858014901481563]], "4": [[-0.23006202849212679, 0.25226508489777594, -0.08575454326692575, 0.26411372797490457, 0.007232377675192509, 0.0, 0.14685070588951066, 0.04793634104659551, 0.22226073968415802, -0.09308444613048032, 0.0, 0.1735171999351822, 0.044209583964044674, 0.09833365475393088], [-0.3277140745530218, 0.4043969748746128, -0.0727057740281099, 0.1183659960634722, 0.007994550600601035, 0.0, 0.24555190663988608, 0.15733919235789307, 0.18967593538014743, -0.027802394497030945, 0.0, 0.26549110085219435, 0.7283981931771012, 0.1995672209344278], [-0.1734562841475551, -0.4046729292812016, 0.2746725064371866, -0.2093709942944752, 0.007537797774250258, 0.0, -0.3981248210872849, -0.10503581709031694, -0.10684234012718487, -0.18819569816388237, 0.0, -0.3097043794963897, -0.04389535785167441, -0.43581745324079946], [-0.18036957807919, -0.18347822263751354, -0.18713348786890607, -0.08836859502465626, -0.004629672167753132, 0.0, -0.15240488747618655, -0.04388131752369422, -0.04068289118826711, -0.21164526343094028, 0.0, -0.1504748346341185, -0.03711057486855459, -0.39402699884552844], [1.1567696221369212, 0.4123650021036506, 0.2930145981711234, 0.1385909148270929, -0.011366426427601002, 0.0, 0.47992836763903807, 0.08152359962581472, -0.13960182830127313, 0.8446450043532606, 0.0, 0.3752211276055798, -0.44207371164190434, 1.2021533994824334], [-0.24516765686502706, -0.4808759099573238, -0.22209329944436826, -0.223331049546338, -0.006768627454689662, 0.0, -0.32180127160496347, -0.1378819984162922, -0.12480961544758025, -0.32391720213092684, 0.0, -0.3540502142624479, -0.24952813277901204, -0.6702098230844642]], "11": [[1.0523230471406173, 0.41028394214782726, 0.32823945594696485, 0.2452482016802175, 0.003931306804181565, 0.0, 0.5642259095002259, 0.11727139277286018, -0.050217585516929696, 0.8540295504535327, 0.0, 0.40829934072983465, -0.3731936083971536, 1.345378986045709], [-0.28439530494359144, 0.3955684961523592, -0.06755523356530421, 0.16462944998063886, -6.88277694699331e-05, 0.0, 0.28594145423021505, 0.14451605236179454, 0.22185328835106183, 0.0035864949760924, 0.0, 0.2879992750195511, 0.7357887161736346, 0.2645801430245278], [-0.17011001563517325, -0.34565946395592495, 0.28455894340510834, -0.20875240513246116, 0.007918888222032705, 0.0, -0.4001798130650479, -0.09778652913372697, -0.10549388215816939, -0.18805943520709967, 0.0, -0.2857896234632555, -0.03634787477977028, -0.43549244644251733], [-0.17758785348362005, -0.1445621875679979, -0.18240652645351624, -0.0850363383734952, -0.005148551825496203, 0.0, -0.15049138842319487, -0.0468030178771805, -0.03916134424561443, -0.21010569988300934, 0.0, -0.13316649749632922, -0.03457426369898045, -0.3890275616584587], [-0.16932617352695595, 0.0821234661994693, -0.13694697043007037, 0.1099934062377789, 0.0003021155104112885, 0.0, 0.02722291834802301, 0.014542399020352518, 0.09899654129654246, -0.12865849893528913, 0.0, 0.04564518079194193, -0.037392486156177795, -0.10255407492691027], [-0.25090369955127667, -0.3977542529757332, -0.2258896689031825, -0.22608231439267865, -0.0069349309416594125, 0.0, -0.3267190805902211, -0.13174029714409963, -0.12597701772689066, -0.3307924114042264, 0.0, -0.32298767558174324, -0.2542804831415522, -0.6828850460423493]]}