{"1": [[0.0, 0.33933437677404105, 0.15862591286179803, 0.430331664402413, 0.03902324052892489, 0.0, 0.4230038125346675, 0.049735873107417894, 0.3119863762815191, 0.3803660472420516, 0.0, 0.33950211763316596, -0.41588947944554905, 0.945877837345727], [0.0, 0.3968955724200849, 0.025071080007227447, -0.001004795352404824, -0.049563956237089674, 0.0, 0.31883202142393463, 0.2275281962447356, -0.031051822762283285, 0.22197710733948214, 0.0, 0.250741645471066, 1.1154668703026305, 0.37623741681043166], [0.0, -0.4428586670984095, 0.0799056744465878, -0.2953632929161239, 0.007793922985008494, 0.0, -0.46059927798787575, -0.14906843348107215, -0.19429085912659694, -0.28872262889601696, 0.0, -0.34283307254363166, -0.14968647296720466, -0.6677984444807579], [0.0, -0.10292020444216689, -0.14329426259492625, -0.12949214316880178, -0.007359689342763099, 0.0, -0.15792100118191876, -0.019931453738476837, -0.09063058764789424, -0.16552717029798739, 0.0, -0.11986761408623889, 0.13467348471351595, -0.3763485623442375], [0.0, 0.3065362943896019, 0.08521924920823569, 0.3156011768351545, 0.016354458748719686, 0.0, 0.28356701874085155, 0.06029256132323342, 0.21294627998151147, 0.2005963980950452, 0.0, 0.26943606821538574, -0.41211293699355794, 0.5124924732944425], [0.0, -0.4969873720431497, -0.20552765392892228, -0.3200726098002374, -0.006247976682800291, 0.0, -0.4068825735296598, -0.1685567434558382, -0.20895938672625522, -0.3486897534825772, 0.0, -0.3969791446897463, -0.2724514656098365, -0.7904607206256064]], "2": [[0.0, 0.05070007265577093, 0.7775637571209093, 0.3150872527737213, 0.2726395022488337, 0.0, 0.15695053413420132, -0.16790390006566575, 0.1902105611874496, 0.3005353036737579, 0.0, 0.27967321363239245, -0.709217327503461, 0.7775637571209093], [0.0, 0.15735477027030847, -0.11281475250329731, -0.14983821767547711, -0.0571821939279333, 0.0, -0.02277155474577624, 0.17689445345479984, -0.03793060544096736, -0.03782060172062147, 0.0, 0.012116519383770655, 0.6788635081732042, -0.11281475250329731], [0.0, 0.2494514945618269, 0.07994186823490523, -0.11734263309265623, -0.06543380068619807, 0.0, 0.016136193082882173, 0.23747932099354532, -0.13658133819946813, 0.09969325652715572, 0.0, -0.006233197296835373, 0.9283416375981693, 0.07994186823490523], [0.0, -0.11754993888868966, -0.4303997186004921, -0.12511230349387473, -0.12431203222523671, 0.0, -0.08687579006470215, 0.010771194876065659, -0.04901002494670433, -0.18919208006573981, 0.0, -0.15701845674813472, 0.020345427606742593, -0.4303997186004921], [0.0, 0.05759993390750899, 0.4687735543523176, 0.2618337187062527, 0.1716582994414034, 0.0, 0.09462151375985965, -0.13846837482960334, 0.11400382988096865, 0.17711337054548348, 0.0, 0.2044078074667188, -0.6338874140795328, 0.4687735543523176], [0.0, -0.3975563325067252, -0.7830647086043416, -0.18462781721796545, -0.19736977485086898, 0.0, -0.15806089616646454, -0.11877269442914155, -0.08069242248127835, -0.3503292489600355, 0.0, -0.3329458864379115, -0.2844458317951219, -0.7830647086043416]], "4": [[-0.22256800041512778, 0.2549303431296244, -0.08711713704254158, 0.2672189333105647, 0.006238960448437583, 0.0, 0.15113356926401267, 0.04957653558236946, 0.2244405253008498, -0.08952681208510702, 0.0, 0.1759766753531684, 0.031130480366460295, 0.10398592189087114], [-0.31931901219105135, 0.4026389947123839, -0.07544014965341125, 0.1170058086964354, 0.00662427671818991, 0.0, 0.24746559208479998, 0.15685891132901444, 0.1895615897388941, -0.029138321215312596, 0.0, 0.26642145993941785, 0.7330997718611251, 0.19850352664635082], [-0.17186148036905838, -0.40548776932946773, 0.28566665318493706, -0.21135428114563531, 0.0072495892263087355, 0.0, -0.4019830488606581, -0.10483285774400487, -0.10766017939004917, -0.18545456602418, 0.0, -0.3110539495252758, -0.04454328852389906, -0.4338239657551622], [-0.1788047636085591, -0.17850266669231774, -0.18909533125153402, -0.08675603866830078, -0.004929370333340985, 0.0, -0.1496437781270652, -0.041974927181994234, -0.0396444689410645, -0.21023092330852375, 0.0, -0.14731928065272787, -0.04013161882785019, -0.39074938166373313], [1.1386421418786032, 0.40897777021430465, 0.2893163373346208, 0.13796117050535006, -0.00825616286248301, 0.0, 0.4756240297129234, 0.07857701572661917, -0.14165542963729702, 0.8392586730070642, 0.0, 0.3712944998068326, -0.4217994124177693, 1.1944132697727106], [-0.2460888852948068, -0.482556672034528, -0.22333037257207095, -0.22407559269841373, -0.006927293197112234, 0.0, -0.3225963640740123, -0.13820467771200404, -0.12504203707133318, -0.3249080503739403, 0.0, -0.35531940492141506, -0.25775593245806716, -0.6723293708910382]], "11": [[1.037014210827164, 0.403490398473619, 0.3243792918887308, 0.24374655918937135, 0.006673890062102881, 0.0, 0.5624853106824399, 0.11608989878974345, -0.05056959059086567, 0.8481726801225089, 0.0, 0.4027191052793554, -0.3553933466374353, 1.3397068843045155], [-0.2764577551258051, 0.39586104273142314, -0.06852339511998713, 0.16311145354794176, -0.001931588228144127, 0.0, 0.2855886472756806, 0.14397142624240916, 0.22108213992065884, 0.0045275045762342, 0.0, 0.2886974241226623, 0.7390701286518622, 0.2629362464529605], [-0.16807509528223785, -0.34703365034636763, 0.29418480137777336, -0.21033742989400123, 0.007940696451856471, 0.0, -0.40395720774039295, -0.09816722008823744, -0.10641913966584855, -0.185795968780084, 0.0, -0.28711856124438007, -0.03675025739567801, -0.4336085824896944], [-0.17591203561349839, -0.13981940683004193, -0.1842087102470917, -0.082825898275949, -0.005516590937335935, 0.0, -0.1475014521659233, -0.04524843636355955, -0.038139881844600106, -0.20860758646107197, 0.0, -0.1297732041400501, -0.03754160240053808, -0.3856172882624093], [-0.16477171776432317, 0.08629863073074573, -0.1379580221887867, 0.11304328239896698, -6.075038081115479e-05, 0.0, 0.03075025915426553, 0.015575161492092617, 0.10036281788372178, -0.12645681417742144, 0.0, 0.04923828761544497, -0.04655277739861993, -0.09834124472388932], [-0.25179760704129933, -0.39879701475937746, -0.22787396571063892, -0.22673796696632995, -0.007105656967668137, 0.0, -0.3273655572060703, -0.13222083007244811, -0.1263163457030664, -0.3318398152801659, 0.0, -0.3237630516330323, -0.2628321448195909, -0.6850760152814815]]}