{"1": [[0.0, 0.3476534287141279, 0.1739494736507481, 0.4232718468793937, 0.03431538892065972, 0.0, 0.43351089063686643, 0.057118006131273734, 0.29208087511922803, 0.3999514869061758, 0.0, 0.3403949918144138, -0.49422563952767623, 0.9833251499891346], [0.0, 0.3872117364764448, 0.012517840299042305, 0.017192336486747863, -0.04257604700555156, 0.0, 0.30002057953327993, 0.21335405752110137, 0.0008803513907146755, 0.20261961295443243, 0.0, 0.25127965752501374, 1.1801118421064631, 0.3427782640230169], [0.0, -0.43807207915990126, 0.05601526977464663, -0.2951785634366988, 0.0060930657938744, 0.0, -0.4533826289884821, -0.1467159700317343, -0.19246878188304675, -0.2934851202839578, 0.0, -0.3450818029957809, -0.1373554101047694, -0.6767171498843289], [0.0, -0.11413728445894462, -0.13910263526471134, -0.13176488235485137, -0.006193443424754064, 0.0, -0.16978714699152714, -0.02306803353435107, -0.09016784151370814, -0.1728284519525102, 0.0, -0.128386656563176, 0.16526068948939776, -0.39061624883288903], [0.0, 0.31230710125157646, 0.10394929839384826, 0.3086140217464471, 0.014342444878214703, 0.0, 0.29226986200903166, 0.06639992147453619, 0.19890032454096063, 0.20957882734658267, 0.0, 0.27661075661723833, -0.44879995608720996, 0.5284168086242996], [0.0, -0.49496290282330413, -0.20732924685357382, -0.32213475932104, -0.005981409162443206, 0.0, -0.4026315561991714, -0.16708798156082574, -0.20922492765414896, -0.34583635497072357, 0.0, -0.3948169463977093, -0.26499152587620295, -0.7871868239192311]], "2": [[0.0, 0.05172946788269331, 0.7945638903361847, 0.27203008644611004, 0.2919519388362195, 0.0, 0.1603819954954786, -0.23096655788292741, 0.17360480886223775, 0.32342772533959363, 0.0, 0.2820152874556929, -0.7448429853235754, 0.7945638903361847], [0.0, 0.14629357389206002, -0.12163126315512474, -0.10331648768572699, -0.07270123542628483, 0.0, -0.024551159367688938, 0.18035910353823859, -0.04002608052816245, -0.04094596665006858, 0.0, -0.0033678755291364575, 0.7287623302856394, -0.12163126315512474], [0.0, 0.25799818198599117, 0.06830609659367544, -0.0860595349257989, -0.08415439672216073, 0.0, 0.01378752320542205, 0.3261442976045743, -0.09922912468794917, 0.055249557900666824, 0.0, -0.0023650806270685927, 0.902116007442788, 0.06830609659367544], [0.0, -0.12998473758688647, -0.4367463779942845, -0.1144090513987139, -0.12268494286788091, 0.0, -0.0881568574661868, 0.008409859235027649, -0.04894221518875337, -0.18973764884678823, 0.0, -0.15595130475394534, 0.04860160641813355, -0.4367463779942845], [0.0, 0.07011492712553115, 0.4763364678210264, 0.21935738642125452, 0.18286694042962331, 0.0, 0.09614808093541796, -0.16726458907740038, 0.09351453847139428, 0.2004956062164945, 0.0, 0.20601095728474458, -0.647247210682713, 0.4763364678210264], [0.0, -0.3961514132993885, -0.7808288136014767, -0.18760239885712462, -0.1952783042495161, 0.0, -0.1576095828024429, -0.1166821134175123, -0.07892192692876698, -0.3484892739598978, 0.0, -0.3263419838302868, -0.2873897481402721, -0.7808288136014767]], "4": [[-0.2292005446447333, 0.24651837957240394, -0.06656643766438762, 0.2529488615670926, 0.008986644521799264, 0.0, 0.14049785928035885, 0.045634299500431096, 0.21953638122209673, -0.08833891497684988, 0.0, 0.17026509101305623, 0.014975041987960815, 0.10436521658349618], [-0.3250251675114262, 0.38791251539859845, -0.09477281536189362, 0.15886293074557187, 0.005638449034177318, 0.0, 0.23697909799663533, 0.1521401913104685, 0.2176600462193945, -0.06384142391304996, 0.0, 0.26032343375168066, 0.8859568404301825, 0.15898757809399958], [-0.16930619729125496, -0.40079467463629614, 0.2711290130640273, -0.206633575500447, 0.008333631347882899, 0.0, -0.39752423663329295, -0.10166371368609946, -0.10915680443903394, -0.19165393856532678, 0.0, -0.3086327494533409, -0.01933522481406825, -0.43965778847808235], [-0.18061873366635842, -0.1881008326191227, -0.18222344754652658, -0.09161064935859516, -0.004408624371362716, 0.0, -0.15515808410436419, -0.045724650522405784, -0.04125801401915168, -0.2120459245780665, 0.0, -0.15345477112799236, -0.02022384434282523, -0.39605034944875056], [1.1468229256258855, 0.4325562703908536, 0.29543852510417845, 0.113046190366966, -0.011631339878017111, 0.0, 0.49358498603103884, 0.0863685076074419, -0.16031822757692052, 0.8763620934315848, 0.0, 0.3836504985181287, -0.6009956018014321, 1.2393151188563627], [-0.24267228251211234, -0.4780916581064365, -0.22300483759539796, -0.22661375782058824, -0.006918760654479656, 0.0, -0.318379622570376, -0.13675463420983613, -0.1264633814063851, -0.3204818913982915, 0.0, -0.3521515027015318, -0.26037721145981807, -0.6669597756070257]], "11": [[1.042356588626785, 0.4215849651306486, 0.33799907179828853, 0.2151071935977045, 0.002426563772618549, 0.0, 0.5810814207530817, 0.11708530536729456, -0.06344957610268638, 0.8858232543835526, 0.0, 0.4225715745026242, -0.5531576460582837, 1.3913923051773016], [-0.2810840171165557, 0.3880705310186315, -0.09113390672218614, 0.20381650638178758, 0.00010624519622336927, 0.0, 0.2755851075414108, 0.1479197775286222, 0.24162687335450567, -0.0309696338820861, 0.0, 0.2778040151107903, 0.8905919188414922, 0.22082312197393997], [-0.16792168528408927, -0.3442075178914415, 0.28570737213422087, -0.20491938153541767, 0.008211095126750596, 0.0, -0.4001322624396428, -0.09829338071915328, -0.1063063400767196, -0.19135999704506787, 0.0, -0.2846968412411612, -0.007149844753543495, -0.4381599589760731], [-0.1775563826176675, -0.14717061814597968, -0.1801819102332273, -0.08730824535214327, -0.004715954733725151, 0.0, -0.15315342928991313, -0.04791267158618307, -0.03929297633083314, -0.21040777388606288, 0.0, -0.13553052808617896, -0.01872352715765479, -0.3912209447226906], [-0.1676318907598912, 0.07721482678059609, -0.1255624949999714, 0.10273057416086913, 0.0010143344862357663, 0.0, 0.01973760039401116, 0.012311508577479343, 0.09546998661069776, -0.1256697746977437, 0.0, 0.04122431301573455, -0.045559496188260766, -0.1027713334628668], [-0.24816261284858168, -0.3954921868924549, -0.22682813197712443, -0.22942664725279988, -0.0070422838481031345, 0.0, -0.3231184369589474, -0.1311105391680596, -0.12804796745496425, -0.3274160748725919, 0.0, -0.3213725333018086, -0.2660014046837492, -0.6800631899896113]]}