{"1": [[0.0, 0.34235006031936926, 0.1502360771163391, 0.45499654591871336, 0.02907049652420527, 0.0, 0.3792181152671921, 0.055534159567961865, 0.3053970163539512, 0.31278018708587657, 0.0, 0.344843052018039, 0.822082616154148], [0.0, 0.43456285592543636, 0.07008083394081549, -0.003999630467781819, -0.034665434969545085, 0.0, 0.43184076034034574, 0.22948595288112378, 0.003323090310795474, 0.3686384490948567, 0.0, 0.28335967386106004, 0.6577650006875494], [0.0, -0.46153253285739115, 0.06704673283768567, -0.3057015566943018, 0.008295674714522012, 0.0, -0.4708578952291029, -0.15319479724683, -0.20035272509444677, -0.3001308175768794, 0.0, -0.35496112673510244, -0.6929889184530251], [0.0, -0.10077190435416915, -0.14208761136043083, -0.13056853278487277, -0.00757449920202095, 0.0, -0.15678481805038205, -0.01899262205817935, -0.09129558230604541, -0.16216877738608795, 0.0, -0.11835894865481561, -0.3701008121238784], [0.0, 0.3017785569615352, 0.07160446213621165, 0.3191702101766394, 0.011725296909782927, 0.0, 0.24052510199631233, 0.06173439390558115, 0.2003560738763161, 0.14539860354671433, 0.0, 0.2577252134943668, 0.4088720662601777], [0.0, -0.5163870359947783, -0.2168804946706212, -0.3338970361483969, -0.00685153397694417, 0.0, -0.42394126432436485, -0.17456708704965687, -0.21742787314057022, -0.36451764476447984, 0.0, -0.4126078639835471, -0.8256299525249697]], "2": [[0.0, 0.08847531021118116, 0.6533405681283095, 0.22461362321321904, 0.2628756736141982, 0.0, 0.13187619690372948, -0.18201061452646847, 0.030912918902883516, 0.2868932604448084, 0.0, 0.2964671438927339, 0.6533405681283095], [0.0, 0.15933763710987764, -0.007517806805392556, -0.09235933043973467, -0.042074229825630596, 0.0, -0.0015174624367691415, 0.20567405100730693, 0.03907076917426431, -0.008112889223765584, 0.0, 0.01692178196851352, -0.007517806805392556], [0.0, 0.20422145607375777, 0.25351398147334403, -0.012455808790331426, -0.047636301062766034, 0.0, 0.0511715655961858, 0.2514177038631727, 0.0232470521519074, 0.14088947534120558, 0.0, -0.0167783306285388, 0.25351398147334403], [0.0, -0.12244306583613393, -0.4401061203608185, -0.12801327503793328, -0.12712697436652381, 0.0, -0.08883501839402291, 0.011900716962200087, -0.04608263430388729, -0.19462257839936664, 0.0, -0.16168544705271326, -0.4401061203608185], [0.0, 0.08238235555244315, 0.3585265921156576, 0.20156010611740294, 0.1615372950356354, 0.0, 0.07236826513393857, -0.16690884423224486, 0.03816656481276855, 0.13893434906005359, 0.0, 0.2131888627754253, 0.3585265921156576], [0.0, -0.4119736931111258, -0.8177572145510997, -0.19334531506262245, -0.2075754633949133, 0.0, -0.1650635468030618, -0.12007301307396617, -0.08531467073793632, -0.3639816172229352, 0.0, -0.3481140109554209, -0.8177572145510997]], "4": [[-0.23421022994368146, 0.2547892055906989, -0.09019000251595785, 0.2640528514343953, 0.006004180143729935, 0.0, 0.14937261431134044, 0.05065629957072069, 0.22601568232268332, -0.09075964193254016, 0.0, 0.17497650413949667, 0.10272685403842596], [-0.28255055733877205, 0.43902267756176955, -0.03443500967027032, 0.13700972369261602, 0.006604806006416538, 0.0, 0.3082439072327162, 0.16432538850015863, 0.20741550653202678, 0.04923971526913769, 0.0, 0.30341950523614486, 0.34947171030657054], [-0.17785346262224996, -0.4122378488598371, 0.2742514506951182, -0.21470537235865594, 0.007191015251663686, 0.0, -0.4030122993952887, -0.10728416340832361, -0.10940698332996844, -0.18962773062344446, 0.0, -0.3145557454639641, -0.4432225694898909], [-0.18469271167636486, -0.18843713367469128, -0.1919471882084165, -0.09277893858535934, -0.005279107395869329, 0.0, -0.1568601412276373, -0.04419104263267579, -0.042416667928752684, -0.21650142190452998, 0.0, -0.15557195679208674, -0.4040713084884315], [1.1344505777723957, 0.40713602083121747, 0.2756887972103578, 0.13996695372123594, -0.0070385998600233, 0.0, 0.43690248255163616, 0.0798353412060727, -0.1512578682413751, 0.7850977347899355, 0.0, 0.36009868268886547, 1.0941124042901567], [-0.2551436161913265, -0.5002729214491596, -0.23336804751083165, -0.2335452179042322, -0.007482294145917527, 0.0, -0.33464656347276706, -0.14334182323595304, -0.13034966935461414, -0.3374486555985588, 0.0, -0.36836698980845584, -0.6990170906568309]], "11": [[1.0316865210599748, 0.4016632870451693, 0.31056262535829277, 0.2473734417564093, 0.006777403725731262, 0.0, 0.5337629529495922, 0.12091214290422982, -0.06213693417416632, 0.8035463275697097, 0.0, 0.3951925600067951, 1.2506229163726776], [-0.23971122070294806, 0.43388140575983525, -0.026029775243568837, 0.1859776817945778, -0.0009765025517657345, 0.0, 0.34549305574873873, 0.15111480666959035, 0.24424967957182292, 0.08166417093514167, 0.0, 0.32617202190457184, 0.4188438625064425], [-0.1720167501895215, -0.35003902687361677, 0.2873237739616356, -0.21350467380061464, 0.007836471425011855, 0.0, -0.4056289579634116, -0.09993756894985763, -0.10739600952304514, -0.1892997684867239, 0.0, -0.28889067854265743, -0.44056366599403646], [-0.18195376715363326, -0.14883501744375335, -0.1880181624220877, -0.08911286442049779, -0.005821664262904684, 0.0, -0.15509354030218217, -0.047767842843563384, -0.040981150475523934, -0.21503459736614336, 0.0, -0.13730645917476886, -0.39946097240170897], [-0.17587213788681327, 0.07709744224433261, -0.14406155497715611, 0.10607287267650489, -0.00012392825986982394, 0.0, 0.02182569393758722, 0.012496258645454773, 0.09814594269872594, -0.13516398480525876, 0.0, 0.041201708018192236, -0.11517228707094788], [-0.26213264512705886, -0.4137680907319673, -0.23977690667711574, -0.23680645800637945, -0.007691780076202873, 0.0, -0.34035920437032435, -0.1368177964258538, -0.1318815280978132, -0.34571214784672494, 0.0, -0.3363691522121323, -0.7142698534124263]]}