{"1": [[0.0, 0.20001439462934387, 0.1796063769493667, 0.1697022063469631, 0.0, 0.0, 0.7297815740252895, 1.3590578857810967], [0.0, -0.12466138174524383, -0.16056006468031922, -0.13090042776007751, 0.0, 0.0, -0.6473783617091609, -1.2204022453059353], [0.0, -0.12466138174524383, -0.16056006468031922, -0.13090042776007751, 0.0, 0.0, -0.6473783617091609, -1.2204022453059353], [0.0, 0.10372917072914954, 0.09269935419631595, 0.1707837978403275, 0.0, 0.0, 0.49465366857792986, 0.9375692655098973], [0.0, 0.07024057987723953, 0.20937446289527736, 0.0522152790929439, 0.0, 0.0, 0.7176998425242734, 1.36457958462683], [0.0, -0.12466138174524383, -0.16056006468031922, -0.13090042776007751, 0.0, 0.0, -0.6473783617091609, -1.2204022453059353]], "4": [[-0.26376700479744924, -0.22759347108592815, -0.0774532841957418, -0.030402375003504893, 0.0, 0.0, -0.24133939375152466, -0.47149220254881713], [-0.26376700479744924, -0.22759347108592815, -0.0774532841957418, -0.030402375003504893, 0.0, 0.0, -0.24133939375152466, -0.47149220254881713], [-0.26376700479744924, -0.22759347108592815, -0.0774532841957418, -0.030402375003504893, 0.0, 0.0, -0.24133939375152466, -0.47149220254881713], [-0.26376700479744924, -0.22759347108592815, -0.0774532841957418, -0.030402375003504893, 0.0, 0.0, -0.24133939375152466, -0.47149220254881713], [1.318835023987259, 1.137967355429653, 0.3872664209787129, 0.1520118750175256, 0.0, 0.0, 1.2066969687576314, 2.3574610127441047], [-0.26376700479744924, -0.22759347108592815, -0.0774532841957418, -0.030402375003504893, 0.0, 0.0, -0.24133939375152466, -0.47149220254881713]], "11": [[1.485523275914869, 0.2697753973771368, 0.5795396663948497, 0.1507339451950099, 0.0, 0.0, 1.3157458693074502, 2.650052956675228], [-0.2971245246103197, -0.05399962851749772, -0.11597205604453008, -0.030159593888229856, 0.0, 0.0, -0.26318849785717346, -0.5301057831823212], [-0.2971245246103197, -0.05399962851749772, -0.11597205604453008, -0.030159593888229856, 0.0, 0.0, -0.26318849785717346, -0.5301057831823212], [-0.2971245246103197, -0.05399962851749772, -0.11597205604453008, -0.030159593888229856, 0.0, 0.0, -0.26318849785717346, -0.5301057831823212], [-0.29702517747357293, -0.05377688330714065, -0.1156514422167144, -0.03009556964208853, 0.0, 0.0, -0.26299187787873984, -0.5296298239458964], [-0.2971245246103197, -0.05399962851749772, -0.11597205604453008, -0.030159593888229856, 0.0, 0.0, -0.26318849785717346, -0.5301057831823212]]}