{"1": [[0.0, 0.33807439177352755, 0.16222656938548133, 0.42232678790474354, 0.036151192266385954, 0.0, 0.4197681820374123, 0.05305887137851932, 0.30719854879564784, 0.3770413572582379, 0.0, 0.33742045592451453, -0.3795553283790345, 0.936342225425716], [0.0, 0.39970426836258405, 0.023987354031713037, 0.0072436483692997645, -0.04426443365938089, 0.0, 0.3212756705088047, 0.2212960283137687, -0.023713886713624656, 0.22927687575146588, 0.0, 0.2558208431445055, 1.0670297451069937, 0.39230287848784684], [0.0, -0.4430433319252925, 0.06645056915401741, -0.29627543669561307, 0.005924063500760847, 0.0, -0.45533074532609064, -0.14947801281770007, -0.19347198383447411, -0.2899582536187489, 0.0, -0.34621597850078867, -0.17261687558253117, -0.6690912428499317], [0.0, -0.10222138475026167, -0.14082897456681734, -0.12437707217923905, -0.006743083892358262, 0.0, -0.16047288118280956, -0.019715429750591942, -0.08942939698553817, -0.166275009625403, 0.0, -0.12042885748618282, 0.13436575168804185, -0.37681101678708456], [0.0, 0.30205807704391674, 0.094897217134382, 0.31203077723515443, 0.015091252217284202, 0.0, 0.2795474213177344, 0.06267192046412204, 0.2082916455864489, 0.19680068656807373, 0.0, 0.2691459826399078, -0.364606048776731, 0.5050899784490994], [0.0, -0.4945720205044708, -0.20673273513877607, -0.3209487046343448, -0.00615899043269184, 0.0, -0.4047876473550506, -0.16783337758811726, -0.2088749268484601, -0.3468856563336249, 0.0, -0.3957424457219544, -0.28461724405674, -0.7878328227256479]], "2": [[0.0, 0.05200230997632611, 0.7574259249450589, 0.27721628037127605, 0.28982878764996545, 0.0, 0.15288573110376222, -0.180603304021893, 0.18425461342590604, 0.2958953669322416, 0.0, 0.2878340568149479, -0.6523124185353159, 0.7574259249450589], [0.0, 0.15871089479560369, -0.1049754426854467, -0.10430644159421919, -0.06035288583770379, 0.0, -0.021189197219609022, 0.16528403284096513, -0.04771874167443532, -0.02993234940630304, 0.0, 0.008790012237304138, 0.668458667299336, -0.1049754426854467], [0.0, 0.24598887717369147, 0.1041444064896378, -0.10474621444161945, -0.07954754966948095, 0.0, 0.021021453322568294, 0.27879356461196414, -0.12176911416311094, 0.10395557188770056, 0.0, -0.008898393339803204, 0.8360689542785531, 0.1041444064896378], [0.0, -0.12152485744599269, -0.4266486059781209, -0.11863561384877298, -0.11922053500888832, 0.0, -0.08611863140820995, -0.001699458645691314, -0.047560405842958606, -0.1888425924592158, 0.0, -0.15927894604477572, 0.022399982827942488, -0.4266486059781209], [0.0, 0.06556719122507412, 0.4533514326662573, 0.2415144587458014, 0.1642759133123064, 0.0, 0.09150857258437037, -0.14123428959953843, 0.11392487862007242, 0.1702119384402312, 0.0, 0.20202693832071886, -0.5721418983348018, 0.4533514326662573], [0.0, -0.4007444157247023, -0.7832977154373854, -0.19104246923246596, -0.19498373044619852, 0.0, -0.1581079283828818, -0.1205405451858061, -0.08113123036547358, -0.35128793539465397, 0.0, -0.3304736679883917, -0.3024732875357131, -0.7832977154373854]], "4": [[-0.22136187170464403, 0.24865558912753327, -0.08445298752688819, 0.26513659362531455, 0.0077399515837538665, 0.0, 0.14211926809509814, 0.047069406042061716, 0.2203128039527064, -0.09343206170175947, 0.0, 0.17096414663715986, 0.05948043046658348, 0.09509088931996956], [-0.3176574148337857, 0.40119634877358423, -0.08086822923292132, 0.1406438290399697, 0.008456822737688807, 0.0, 0.2447636838508719, 0.1548115952262216, 0.19772637802257922, -0.03603386901169272, 0.0, 0.2654247404239514, 0.7515685493767668, 0.1933019467135014], [-0.16794826628012124, -0.4017479860477304, 0.29565051782443175, -0.20846497767809763, 0.007808671279094888, 0.0, -0.40456734835395763, -0.10209995159730548, -0.10803859982913952, -0.18501785937031412, 0.0, -0.3089468705856023, -0.03997856542260494, -0.43032452967076834], [-0.17896398546538367, -0.18084907080205959, -0.18676716894140527, -0.0864283021086228, -0.004550040260667538, 0.0, -0.1515992834828592, -0.04326290004293597, -0.03991456044655812, -0.21082304289134685, 0.0, -0.14858459964101137, -0.04010292617281438, -0.3920317013958227], [1.1312212006347901, 0.41349575836830055, 0.2820337623901639, 0.11465512067137243, -0.012573750141280616, 0.0, 0.49016258689692677, 0.08157583191329525, -0.1441019429524677, 0.8492010962996677, 0.0, 0.3751808793117385, -0.46086907022211404, 1.2055429893492144], [-0.24528966235085556, -0.48075063941962787, -0.22559589451338072, -0.22554226354993626, -0.006881655198589404, 0.0, -0.32087890700607963, -0.1380939815413371, -0.1259840787471205, -0.32389426332455457, 0.0, -0.3540382961462356, -0.2700984180258168, -0.6715795943160948]], "11": [[1.0322580980079978, 0.40881167648716715, 0.31832364635565263, 0.21826498415917406, 0.0020951620749002655, 0.0, 0.5747129767750863, 0.11555222830711179, -0.05588662433445841, 0.8593078329147852, 0.0, 0.4088089741686214, -0.39934816925147065, 1.3486836114747025], [-0.27430496246709396, 0.39544537139186975, -0.07599580094084932, 0.18705484347188892, 0.0008591787972610143, 0.0, 0.2825385940795573, 0.14493208313658562, 0.22826558553417503, -0.0052604336525213635, 0.0, 0.2870634142067291, 0.764654140027163, 0.25623578613450015], [-0.16575390070073287, -0.3461873946419229, 0.30405267132030406, -0.20720891220098459, 0.008289710597922103, 0.0, -0.4058127462781105, -0.09689578081950907, -0.10654793724692763, -0.18531421493507422, 0.0, -0.2858826982832225, -0.03603158535280222, -0.4307036820658586], [-0.17582992549250134, -0.14170040961894936, -0.18295802230959465, -0.08253953689278269, -0.0049458334594708, 0.0, -0.14952551882869278, -0.04592822491768477, -0.03809201832917837, -0.20906453290012106, 0.0, -0.13119588030835383, -0.03600752029655794, -0.38653008763648594], [-0.1654828066762007, 0.08193951904557976, -0.13493388548566015, 0.11299936318621794, 0.0007742265400734988, 0.0, 0.024208697901963668, 0.014361707952167454, 0.0995136744074281, -0.12896709950259813, 0.0, 0.04451054790680938, -0.01806440318657692, -0.10339116774476742], [-0.25088650267146906, -0.3983087626637447, -0.2284886089398524, -0.22857074172351324, -0.007072444550686081, 0.0, -0.3261220036498038, -0.1320220136586711, -0.12725268003103868, -0.33070155192447037, 0.0, -0.32330435769058347, -0.2752024619397553, -0.6842944601620902]]}