{"1": [[0.0, 0.33374117307722195, 0.15535541793068483, 0.41002162575693324, 0.03569946075967783, 0.0, 0.42388361055705925, 0.05298748266814658, 0.2907617381303545, 0.3816536191366096, 0.0, 0.3320374959697361, -0.40023298295573034, 0.9367579577217795], [0.0, 0.38844038935586034, 0.010340775180114635, 0.025516510633074703, -0.04418956649983647, 0.0, 0.3193054128398528, 0.21235148049740013, -0.0006919563395703323, 0.21725118063130752, 0.0, 0.256633114122355, 1.1143490961930216, 0.3810400445296587], [0.0, -0.42653258677190775, 0.09276442862366142, -0.2945909128405782, 0.006322905383512792, 0.0, -0.46194587908418194, -0.14526002033431093, -0.19212374497540738, -0.28512816647394673, 0.0, -0.34097128008687805, -0.16329391389471182, -0.6611553501125628], [0.0, -0.09939804723393206, -0.14050738560862128, -0.12183905309630967, -0.00648662609420037, 0.0, -0.1598715102455839, -0.01628061085499368, -0.08654261448039774, -0.16681572958433566, 0.0, -0.11844282132105356, 0.14126968899078274, -0.3756721994081372], [0.0, 0.2970725092587194, 0.08804191566265918, 0.30099727190596676, 0.01474611598051302, 0.0, 0.2814550385830929, 0.06336267661895555, 0.19730898933763688, 0.1986191043755336, 0.0, 0.2651155235105541, -0.390907760339504, 0.5039154085776595], [0.0, -0.49332343768595915, -0.20599515178849861, -0.32010544235908694, -0.00609228952966682, 0.0, -0.4028266726502384, -0.1671610085951976, -0.20871241167261692, -0.34558000808516715, 0.0, -0.3943720321947118, -0.30118412799385935, -0.7848858613083985]], "2": [[0.0, 0.05416121917541221, 0.7508098149283305, 0.27745629998688714, 0.29368210012638557, 0.0, 0.15155027534015897, -0.18692840824699541, 0.1784439501686427, 0.31232585876691826, 0.0, 0.28673060438826975, -0.6618990588281707, 0.7508098149283305], [0.0, 0.15044561282405955, -0.09758252660274387, -0.10729043964868654, -0.06415309049622561, 0.0, -0.019696943861137264, 0.16162333215714308, -0.04639835383831817, -0.034437745329476986, 0.0, 0.001608944721902561, 0.6899186283421171, -0.09758252660274387], [0.0, 0.2430920906733856, 0.10950969560720143, -0.10942958040546229, -0.08734912286910819, 0.0, 0.022104432030197393, 0.28482853575575573, -0.11425273116155583, 0.08002605247043874, 0.0, -0.01270400337942215, 0.871450306782346, 0.10950969560720143], [0.0, -0.12592049808136901, -0.42367967310785176, -0.116335926158562, -0.11818167550272231, 0.0, -0.08551935502022251, 0.0066110692437131285, -0.049685743947396235, -0.18537266782705908, 0.0, -0.15622320643616086, 0.019959859603787992, -0.42367967310785176], [0.0, 0.0753132721056973, 0.44391957109077346, 0.24375725913958524, 0.16893511385014456, 0.0, 0.08960475994059017, -0.1453430408962782, 0.11195777138394014, 0.17831864299912217, 0.0, 0.20790902088899496, -0.5949575042011122, 0.44391957109077346], [0.0, -0.39709169669718525, -0.7829768819157092, -0.18815761291376182, -0.19293332510847375, 0.0, -0.15804316842958657, -0.1207914880133382, -0.08006489260531263, -0.3508601410799428, 0.0, -0.327321360183584, -0.3244722316989677, -0.7829768819157092]], "4": [[-0.2234035292733484, 0.24145870019592053, -0.083650544232086, 0.2642617524266341, 0.0084844683546025, 0.0, 0.13898184808443856, 0.045731662402746266, 0.22247720711166408, -0.09447768440920049, 0.0, 0.16620493101610992, 0.02616607355203258, 0.09621054731125202], [-0.3412176078549318, 0.3985999007789504, -0.0937666404954704, 0.17176502992647416, 0.007057452081712219, 0.0, 0.24855689515161256, 0.1513430688199508, 0.23138028007268996, -0.060031126715907726, 0.0, 0.26898179727644583, 0.8345846145259309, 0.1869132640997537], [-0.16594916668884985, -0.4006490179356903, 0.3187935400024439, -0.20610247915123756, 0.009693204964580574, 0.0, -0.41115671397605225, -0.10251057305008315, -0.1080016352162182, -0.18130281512938637, 0.0, -0.3084621714810056, -0.0342825890061599, -0.42250223329246356], [-0.18085244490356192, -0.17847596883740247, -0.1871002369807792, -0.08207862224126614, -0.0043278247838720784, 0.0, -0.1499731659387506, -0.042894929253104404, -0.0358790285377476, -0.2115563897971177, 0.0, -0.146747726298492, -0.043503143551696974, -0.3888230257772553], [1.1562991185775753, 0.41938000525946834, 0.2712000232061943, 0.0773090719582297, -0.01407281984113887, 0.0, 0.4937836476424864, 0.08601500183927802, -0.18412106877447532, 0.8705049601354645, 0.0, 0.37383192684958805, -0.4937117342762038, 1.1982673938049668], [-0.24487636985688324, -0.48031361946124645, -0.2254761415003028, -0.22515475291883422, -0.006834480775884336, 0.0, -0.3201925109637349, -0.13768423075878755, -0.12585575465591278, -0.32313694408385185, 0.0, -0.35380875736264605, -0.2892532212439025, -0.6700659461462537]], "11": [[1.055042296021741, 0.4100235105165895, 0.3063804301317969, 0.185314211732554, -0.0008175901923232841, 0.0, 0.5790717237718972, 0.11389333208452807, -0.08901872671820264, 0.879318990026638, 0.0, 0.40997353643719286, -0.4421206263017764, 1.3457696568767008], [-0.2973377238119559, 0.3968262793013067, -0.09092762307044255, 0.2157413816614496, 0.0011387831652786289, 0.0, 0.28672615210661284, 0.14857702433623152, 0.2567769217836611, -0.027631777248249747, 0.0, 0.2882419869515486, 0.8463775986369164, 0.24793563699411092], [-0.16399525640619741, -0.34561648680088713, 0.3330750357057076, -0.20468059076585776, 0.01022015206296774, 0.0, -0.41386183342312866, -0.09703316746716531, -0.10463855432775257, -0.18160382706014572, 0.0, -0.2857713148298808, -0.0236124972324646, -0.42113353668476644], [-0.17728321506064162, -0.13951684102525982, -0.18324159555089467, -0.07840805585973916, -0.004604053186727008, 0.0, -0.1481130485720759, -0.04537016755337395, -0.03433779646563744, -0.20970856882370917, 0.0, -0.12964996700044157, -0.0401417934964022, -0.3834687358031959], [-0.16599371789616674, 0.07641946123020493, -0.13619227213300336, 0.11043719745118175, 0.0010857892245394547, 0.0, 0.021530642859097542, 0.011973745295713111, 0.09860081431620607, -0.1302105216676459, 0.0, 0.04036919456644707, -0.045558360480837314, -0.10579207348846506], [-0.25043238284677866, -0.39813592322195407, -0.22909397508316398, -0.22840414421958805, -0.007023081073735531, 0.0, -0.32535363674240286, -0.13204076669593318, -0.1273826585882747, -0.33016429522688745, 0.0, -0.3231634361248661, -0.29494432112543545, -0.6833109478943834]]}