{"1": [[0.0, 0.340110120656228, 0.14802426691178133, 0.4434703364945671, 0.02795332447311347, 0.0, 0.3807412425550996, 0.05534597536500648, 0.295547625593628, 0.3189173581598527, 0.0, 0.33985469712862565, 0.824749791174791], [0.0, 0.4309780714838974, 0.06640708034872934, 0.008258415660806593, -0.032358096421579656, 0.0, 0.42936924011617644, 0.22858560196543676, 0.014789512475410271, 0.35973165478600405, 0.0, 0.2846305316771432, 0.6552761431468371], [0.0, -0.45649916634786825, 0.07164347042847127, -0.3045990878813176, 0.007434996128891128, 0.0, -0.47352083279758683, -0.15350068562539343, -0.20080455775145298, -0.3009211496206668, 0.0, -0.35426488110821797, -0.6946502341675074], [0.0, -0.09691679323869362, -0.14138117610597684, -0.12648645475065412, -0.0072554386215335775, 0.0, -0.15381299577498622, -0.018039250139799262, -0.08855093074396192, -0.16219701391993677, 0.0, -0.11536903959208007, -0.368794191437479], [0.0, 0.29902823975051385, 0.07019403002945261, 0.3125931528318345, 0.010869344483076788, 0.0, 0.24218096074081702, 0.06256606284904977, 0.19703294019702183, 0.14946966129105152, 0.0, 0.25842870610623037, 0.4101183059287359], [0.0, -0.5167004723040769, -0.2148876716124573, -0.33323636235523635, -0.00664413004196817, 0.0, -0.4249576148395182, -0.1749577044143009, -0.218014589770646, -0.3650005106963068, 0.0, -0.41328001421170185, -0.8266998146453768]], "2": [[0.0, 0.08371325485954387, 0.6549059503885353, 0.23256210187744808, 0.26278611272783625, 0.0, 0.1321921678831079, -0.20338720103701405, 0.03920563139646327, 0.28091161368217077, 0.0, 0.2967702257145177, 0.6549059503885353], [0.0, 0.15904027764197354, -0.008448851799346497, -0.0953733641274866, -0.04083127638830073, 0.0, -0.0017053930183656228, 0.19829220203946019, 0.03656396350205104, -0.008104185677029531, 0.0, 0.021726628022019436, -0.008448851799346497], [0.0, 0.22422370771701067, 0.2441540328494299, -0.02122604434265928, -0.046415973835064586, 0.0, 0.049282268515993446, 0.27456185687020035, 0.01950764839831611, 0.1369928717948969, 0.0, -0.008618271266310538, 0.2441540328494299], [0.0, -0.12177640980948043, -0.4370603607198094, -0.12473126574468942, -0.12636154150697823, 0.0, -0.08822023459253657, 0.011451257026335369, -0.044869574533188704, -0.19348764539826482, 0.0, -0.1619229044406177, -0.4370603607198094], [0.0, 0.06829815903257565, 0.3640321645469582, 0.20215469093594834, 0.15673481411797902, 0.0, 0.07347955990030819, -0.15734239627755736, 0.034418912839975384, 0.14925701155796375, 0.0, 0.19910051947359403, 0.3640321645469582], [0.0, -0.4134989894416227, -0.8175829352657673, -0.19338611859856103, -0.2059121351154716, 0.0, -0.16502836868850734, -0.12357571862142437, -0.0848265816036171, -0.36556966595973683, 0.0, -0.3470561975032029, -0.8175829352657673]], "4": [[-0.22310726346827026, 0.2539161579133429, -0.08825640252368731, 0.2658278089221398, 0.006026695352848677, 0.0, 0.15023162672152077, 0.05043031689475695, 0.2237543983540184, -0.08928439495675806, 0.0, 0.17466376574224146, 0.10402143126734205], [-0.26572429954344756, 0.43649143524031575, -0.04055435058599397, 0.1459726860056764, 0.006491416793684039, 0.0, 0.31086510024658903, 0.16434160099643114, 0.2067515418487674, 0.0482875378905032, 0.0, 0.3049358885011654, 0.34951412230020373], [-0.17584981578508105, -0.4116453675401537, 0.28056474508152723, -0.21430181293278044, 0.007095059223628477, 0.0, -0.40653615886929606, -0.10629979643639927, -0.10925411043561443, -0.19042215666245474, 0.0, -0.3158659983143321, -0.44380943669224765], [-0.18264000694583177, -0.18496017535500447, -0.1924150929818659, -0.09007978533528556, -0.005061276075688058, 0.0, -0.1546214862185668, -0.043476563909990655, -0.041460756849180866, -0.21514109631563125, 0.0, -0.1524185589329477, -0.40082328130384565], [1.1041787360291087, 0.40803541321577835, 0.27409083598805123, 0.12606848116774474, -0.007314960821543461, 0.0, 0.4364896961050525, 0.07847768292215011, -0.1494855612064262, 0.7857385696673239, 0.0, 0.3586061129060131, 1.092698798824378], [-0.25685735028647816, -0.5018374634742787, -0.23342973497803116, -0.2334873778274946, -0.007236934472929677, 0.0, -0.33642877798529935, -0.14347324046694845, -0.1303055117115641, -0.3391784596229827, 0.0, -0.3699212099021405, -0.70160163439583]], "11": [[1.00885622767379, 0.40068077130797103, 0.3103461794120291, 0.23466487645654618, 0.006921170147513153, 0.0, 0.531509810131702, 0.11885016454517962, -0.061314541751622785, 0.8031217213240816, 0.0, 0.39348041708996045, 1.2477484582895364], [-0.2233196225518615, 0.4327826363459868, -0.031027818723449452, 0.19345011903618334, -0.0013771349790547664, 0.0, 0.3479574400723967, 0.15180408278686366, 0.2433084356996483, 0.08197990579360954, 0.0, 0.32736032793515046, 0.4203405461308886], [-0.17188697185337312, -0.35225629483533555, 0.2900399389196077, -0.21343269995236122, 0.007782900022579182, 0.0, -0.4084398164839634, -0.0998451119727157, -0.10804330955997005, -0.19072530498793705, 0.0, -0.291579855235927, -0.44340799471579617], [-0.1799789747743213, -0.14538423220029337, -0.18786862722665026, -0.08636403462094373, -0.0056531766792618674, 0.0, -0.15271480516453212, -0.04694975741347465, -0.04000761449062729, -0.2138185279347306, 0.0, -0.13463351356005107, -0.3961256750935291], [-0.1699893292870738, 0.08020239382060204, -0.14261914354131683, 0.10856789068613489, -0.0002473866681864892, 0.0, 0.02406841229628642, 0.01391119923731798, 0.09801909722992413, -0.1330961990579564, 0.0, 0.04345680894911581, -0.11159496080323154], [-0.26368132920716036, -0.4160252744389313, -0.23887052884022045, -0.2368861516055593, -0.007426371843589214, 0.0, -0.34238104085188975, -0.13777057718317073, -0.13196206712735226, -0.347461595137067, 0.0, -0.33808418517824873, -0.7169603738078686]]}